word,weight_freeland,weight_talent,weight_difference
team,0.011490529,0.007352941,0.004137588
best,0.011490519,0.007352941,0.004137578
idea,0.011490319,0.007352941,0.0041373777
recommended,0.011488531,0.007352941,0.0041355896
worked,0.011487365,0.007352941,0.0041344236
project,0.011487303,0.007352941,0.004134362
distraction,0.011486724,0.007352941,0.004133783
interior,0.011486175,0.007352941,0.0041332333
owner,0.011486054,0.007352941,0.004133113
great,0.011486018,0.0073529417,0.0041330764
